,City,Cloudiness,Country,Date,Humidity,Latitude,Longitude,Max Temperature,Wind Speed
0,Sao Carlos,75,BR,2019-09-26,100,-22.02,-47.89,15.0,1.8
1,Touros,40,BR,2019-09-26,83,-5.2,-35.46,23.0,1.5
2,State College,5,US,2019-09-26,48,40.79,-77.86,19.0,3.6
3,Portland,20,US,2019-09-26,100,43.66,-70.25,16.11,1.05
4,Lloydminster,90,CA,2019-09-26,93,53.28,-110.01,6.0,4.6
5,Palm City,75,PK,2019-09-26,100,33.58,73.11,25.0,4.6
6,Saint George,40,GR,2019-09-26,77,39.45,22.34,21.0,1.76
7,Kibala,0,TD,2019-09-26,88,9.11,18.35,25.0,0.82
8,Rikitea,92,PF,2019-09-26,69,-23.12,-134.97,22.2,4.61
9,Gushikawa,40,JP,2019-09-26,83,26.35,127.87,30.0,6.7
10,Ribeira Grande,0,PT,2019-09-26,88,38.52,-28.7,22.34,5.13
11,Punta Arenas,0,CL,2019-09-26,45,-53.16,-70.91,9.0,7.2
12,Batemans Bay,0,AU,2019-09-26,70,-35.71,150.18,18.33,2.24
13,Magistralnyy,100,RU,2019-09-26,83,56.17,107.45,3.56,5.57
14,Bredasdorp,0,ZA,2019-09-26,70,-34.53,20.04,17.78,1.08
15,Beyneu,74,KZ,2019-09-26,67,45.32,55.19,12.24,5.56
16,Xining,2,CN,2019-09-26,51,36.62,101.77,5.92,0.46
17,San Andres,6,PH,2019-09-26,73,13.32,122.68,28.45,0.6
18,Vila Franca do Campo,75,PT,2019-09-26,94,37.72,-25.43,22.0,5.1
19,Bluff,16,AU,2019-09-26,47,-23.58,149.07,23.4,3.54
20,Te Anau,100,NZ,2019-09-26,90,-45.41,167.72,6.59,3.4
21,Hermanus,0,ZA,2019-09-26,48,-34.42,19.24,22.22,2.52
22,Bonfim,2,GY,2019-09-26,59,3.36,-59.84,28.93,2.07
23,Gotsu,75,JP,2019-09-26,78,35.01,132.22,24.0,2.6
24,Khatanga,100,RU,2019-09-26,94,71.98,102.47,-0.01,3.99
25,Abalak,21,NE,2019-09-26,20,15.46,6.28,32.8,1.91
26,Chuy,8,UY,2019-09-26,78,-33.69,-53.46,13.15,4.93
27,Tuktoyaktuk,100,CA,2019-09-26,82,69.44,-133.03,3.0,12.22
28,Cape Town,0,ZA,2019-09-26,67,-33.93,18.42,19.44,1.0
29,Lethem,2,GY,2019-09-26,59,3.38,-59.8,28.93,2.07
30,Tasiilaq,83,GL,2019-09-26,86,65.61,-37.64,3.0,9.3
31,Lagoa,0,PT,2019-09-26,88,37.14,-8.45,20.0,1.0
32,Kutum,100,SD,2019-09-26,61,14.2,24.66,23.96,4.04
33,Ushuaia,0,AR,2019-09-26,49,-54.81,-68.31,8.0,2.6
34,Launceston,90,AU,2019-09-26,87,-41.43,147.14,12.22,11.8
35,Grand Gaube,62,MU,2019-09-26,87,-20.01,57.66,22.22,1.34
36,Castro,0,CL,2019-09-26,76,-42.48,-73.76,12.0,1.5
37,Busselton,47,AU,2019-09-26,86,-33.64,115.35,13.33,0.89
38,Kapaa,40,US,2019-09-26,79,22.08,-159.32,30.0,4.6
39,New Norfolk,75,AU,2019-09-26,45,-42.78,147.06,17.0,11.8
40,Qaqortoq,14,GL,2019-09-26,52,60.72,-46.03,6.0,1.0
41,Rio Bananal,84,BR,2019-09-26,91,-19.26,-40.34,21.31,1.04
42,Sao Filipe,50,CV,2019-09-26,84,14.9,-24.5,25.29,5.94
43,Orodara,0,BF,2019-09-26,88,10.98,-4.92,25.0,1.6
44,Ahipara,70,NZ,2019-09-26,71,-35.17,173.16,19.44,8.84
45,Kurumkan,100,RU,2019-09-26,90,54.33,110.32,5.44,1.59
46,Jamestown,12,AU,2019-09-26,31,-33.21,138.6,19.4,7.58
47,Port Elizabeth,33,US,2019-09-26,68,39.31,-74.98,24.0,3.28
48,Bambous Virieux,25,MU,2019-09-26,87,-20.34,57.76,22.22,1.34
49,Chambas,40,CU,2019-09-26,78,22.19,-78.91,28.0,2.6
50,Coquimbo,90,CL,2019-09-26,76,-29.95,-71.34,13.0,2.6
51,Vikhorevka,57,RU,2019-09-26,86,56.12,101.17,1.0,3.0
52,Vao,24,EE,2019-09-26,95,59.1,26.19,6.18,2.36
53,Hilo,20,US,2019-09-26,55,19.71,-155.08,32.0,3.6
54,Cabo San Lucas,5,MX,2019-09-26,65,22.89,-109.91,28.33,7.2
55,Hithadhoo,100,MV,2019-09-26,76,-0.6,73.08,28.05,5.11
56,Salamiyah,0,SY,2019-09-26,85,35.01,37.05,17.52,2.54
57,Victoria,75,BN,2019-09-26,79,5.28,115.24,29.0,1.5
58,Nuuk,20,GL,2019-09-26,45,64.17,-51.74,6.0,1.0
59,Geraldton,40,CA,2019-09-26,71,49.72,-86.95,10.0,5.1
60,Coihaique,0,CL,2019-09-26,58,-45.58,-72.07,12.0,1.0
61,Raudeberg,59,NO,2019-09-26,51,61.99,5.14,16.0,11.3
62,Port Hedland,0,AU,2019-09-26,36,-20.31,118.58,27.0,5.7
63,Port Alfred,0,ZA,2019-09-26,75,-33.59,26.89,15.0,1.34
64,Hobart,75,AU,2019-09-26,45,-42.88,147.33,17.0,11.8
65,College,90,US,2019-09-26,80,64.86,-147.8,7.22,3.6
66,Kaitangata,88,NZ,2019-09-26,58,-46.28,169.85,12.78,10.28
67,Maple Creek,92,CA,2019-09-26,70,49.91,-109.46,9.53,6.4
68,Ola,0,RU,2019-09-26,45,59.58,151.3,4.35,4.18
69,Yumen,0,CN,2019-09-26,16,40.29,97.04,16.83,2.42
70,Mahebourg,25,MU,2019-09-26,87,-20.41,57.7,22.22,1.34
71,Buala,66,SB,2019-09-26,70,-8.15,159.59,28.62,2.81
72,Ixtapa,75,MX,2019-09-26,70,20.71,-105.21,31.0,5.75
73,Erzin,0,TR,2019-09-26,94,36.95,36.2,24.0,2.6
74,Puerto Ayora,90,EC,2019-09-26,73,-0.74,-90.35,23.0,1.5
75,Kostrzyn,90,PL,2019-09-26,100,52.4,17.23,11.11,1.5
76,Kununurra,0,AU,2019-09-26,51,-15.77,128.74,30.0,3.1
77,Ojinaga,40,US,2019-09-26,31,29.56,-104.41,33.0,1.5
78,Albany,90,US,2019-09-26,87,42.65,-73.75,15.56,1.62
79,Thanh Hoa,20,VN,2019-09-26,89,10.21,106.33,29.0,1.0
80,Mataura,98,NZ,2019-09-26,78,-46.19,168.86,12.22,8.05
81,Adrar,0,DZ,2019-09-26,9,27.87,-0.29,30.0,4.1
82,Avarua,59,CK,2019-09-26,69,-21.21,-159.78,27.0,2.6
83,Aklavik,75,CA,2019-09-26,64,68.22,-135.01,4.0,3.6
84,Sola,40,TZ,2019-09-26,62,-3.17,33.8,20.51,4.38
85,Sandwick,76,GB,2019-09-26,93,54.57,-2.89,13.33,7.2
86,Ilulissat,0,GL,2019-09-26,32,69.22,-51.1,4.0,4.1
87,Isiro,100,CD,2019-09-26,99,2.77,27.62,20.18,0.48
88,Mauguio,0,FR,2019-09-26,56,43.62,4.01,22.0,3.6
89,Gazi,20,GR,2019-09-26,88,35.33,25.07,20.0,3.6
90,Faanui,48,PF,2019-09-26,78,-16.48,-151.75,26.57,7.1
91,Codrington,1,AU,2019-09-26,64,-28.95,153.24,25.56,3.1
92,Sitka,93,US,2019-09-26,83,37.17,-99.65,21.11,3.13
93,Katsuura,75,JP,2019-09-26,83,33.93,134.5,25.56,1.5
94,Bandarbeyla,53,SO,2019-09-26,74,9.49,50.81,24.39,8.88
95,Ancud,0,CL,2019-09-26,76,-41.87,-73.83,12.0,1.5
96,Keelung,75,TW,2019-09-26,88,25.13,121.74,26.0,5.1
97,Vaini,75,IN,2019-09-26,100,15.34,74.49,20.0,4.1
98,Ovalle,0,CL,2019-09-26,92,-30.6,-71.2,8.62,1.72
99,Nikolskoye,40,RU,2019-09-26,81,59.7,30.79,8.33,3.0
100,Akcakoca,61,TR,2019-09-26,82,41.09,31.12,16.87,1.22
101,Kolosovka,98,RU,2019-09-26,85,56.47,73.61,0.66,3.51
102,Buchanan,20,LR,2019-09-26,94,5.88,-10.05,24.0,3.68
103,Verkhnyaya Inta,100,RU,2019-09-26,97,65.99,60.32,1.17,2.59
104,Prieska,0,ZA,2019-09-26,12,-29.67,22.74,13.61,3.64
105,Norman Wells,75,CA,2019-09-26,65,65.28,-126.83,5.0,6.7
106,Saint-Philippe,75,CA,2019-09-26,87,45.36,-73.48,15.56,3.1
107,Cayenne,0,GF,2019-09-26,83,4.94,-52.33,26.0,2.09
108,La Primavera,0,AR,2019-09-26,31,-32.92,-68.67,25.0,1.0
109,Cheney,20,US,2019-09-26,55,47.49,-117.58,18.89,7.7
110,Hede,3,SE,2019-09-26,87,60.45,15.49,8.0,2.6
111,Quelimane,40,MZ,2019-09-26,93,-17.88,36.89,18.0,2.1
112,Gizo,0,IL,2019-09-26,83,31.8,34.94,23.33,1.0
113,Kimbe,0,PG,2019-09-26,59,-5.56,150.15,30.93,1.5
114,Komsomolskiy,93,RU,2019-09-26,96,67.55,63.78,-2.1,2.98
115,Saldanha,0,PT,2019-09-26,71,41.42,-6.55,14.91,1.54
116,Qasigiannguit,0,GL,2019-09-26,32,68.82,-51.19,4.0,4.1
117,Alofi,75,NU,2019-09-26,65,-19.06,-169.92,26.0,6.7
118,Zavodskoy,100,RU,2019-09-26,96,43.1,44.65,11.14,0.86
119,Shevchenkove,0,UA,2019-09-26,46,49.7,37.18,10.0,3.0
120,Victor Harbor,20,AU,2019-09-26,72,-35.55,138.62,18.89,7.2
121,Thompson,75,CA,2019-09-26,56,55.74,-97.86,5.0,3.1
122,Severo-Kurilsk,84,RU,2019-09-26,82,50.68,156.12,7.67,14.08
123,Salalah,75,OM,2019-09-26,78,17.01,54.1,27.0,2.6
124,Talavera de la Reina,0,ES,2019-09-26,67,39.96,-4.83,16.11,0.89
125,Esperance,90,AU,2019-09-26,93,-33.86,121.89,13.0,3.6
126,Kahama,80,TZ,2019-09-26,62,-3.83,32.6,20.98,4.89
127,Sur,45,OM,2019-09-26,62,22.57,59.53,28.12,2.45
128,Savannah Bight,48,HN,2019-09-26,73,16.45,-85.85,29.74,5.29
129,Dragor,59,BG,2019-09-26,67,42.23,24.3,17.0,6.2
130,Torbay,90,CA,2019-09-26,100,47.66,-52.73,11.11,7.2
131,Batesville,1,US,2019-09-26,78,35.77,-91.64,22.0,2.1
132,Tautira,20,PF,2019-09-26,62,-17.73,-149.15,29.0,5.7
133,Laguna,100,BZ,2019-09-26,94,16.17,-88.94,25.55,1.08
134,Camopi,80,GF,2019-09-26,90,3.17,-52.33,22.64,1.8
135,Hualmay,5,PE,2019-09-26,91,-11.1,-77.61,16.31,5.11
136,Flin Flon,43,CA,2019-09-26,69,54.77,-101.88,5.13,3.01
137,Comodoro Rivadavia,0,AR,2019-09-26,71,-45.87,-67.48,11.0,6.94
138,Uyemskiy,40,RU,2019-09-26,93,64.47,40.85,3.0,2.0
139,Barrow,49,AR,2019-09-26,77,-38.31,-60.23,7.11,3.8
140,Tuatapere,100,NZ,2019-09-26,78,-46.13,167.69,12.22,8.05
141,Chokurdakh,31,RU,2019-09-26,73,70.62,147.9,-1.06,5.76
142,Airai,0,TL,2019-09-26,43,-8.93,125.41,28.35,0.61
143,Batagay-Alyta,92,RU,2019-09-26,72,67.8,130.41,-3.77,2.96
144,Broken Hill,75,AU,2019-09-26,13,-31.97,141.45,23.0,6.2
145,Longyearbyen,75,NO,2019-09-26,86,78.22,15.63,4.0,2.6
146,Souillac,75,FR,2019-09-26,88,45.6,-0.6,17.0,4.6
147,Cap Malheureux,62,MU,2019-09-26,87,-19.98,57.61,22.22,1.34
148,Atuona,94,PF,2019-09-26,76,-9.8,-139.03,26.54,7.33
149,Sarab,0,IR,2019-09-26,45,38.61,44.99,9.01,1.92
150,Russell,90,US,2019-09-26,73,38.9,-98.86,21.0,6.2
151,Turukhansk,100,RU,2019-09-26,97,65.8,87.96,1.06,4.33
152,Leningradskiy,100,RU,2019-09-26,80,69.38,178.42,-0.56,7.56
153,Faya,0,SA,2019-09-26,49,18.39,42.45,20.0,3.6
154,Kaeo,56,NZ,2019-09-26,71,-35.1,173.78,19.44,4.98
155,Narasannapeta,100,IN,2019-09-26,83,18.42,84.04,24.96,0.75
156,Kouango,73,CF,2019-09-26,98,4.99,19.98,20.14,0.68
157,Westport,20,US,2019-09-26,100,41.14,-73.36,18.89,1.5
158,Llata,76,PE,2019-09-26,78,-9.55,-76.82,6.48,2.42
159,Monte Alto,24,BR,2019-09-26,75,-21.27,-48.5,20.71,2.65
160,Mari-Turek,96,RU,2019-09-26,91,56.79,49.62,2.4,3.7
161,Lumeje,22,AO,2019-09-26,58,-11.56,20.78,18.33,2.34
162,Vaitape,48,PF,2019-09-26,78,-16.52,-151.75,26.57,7.1
163,Talara,95,PE,2019-09-26,94,-4.58,-81.27,17.69,4.69
164,Upernavik,100,GL,2019-09-26,56,72.79,-56.15,4.29,3.53
165,Yatou,75,CM,2019-09-26,100,3.63,9.81,25.0,0.5
166,East London,0,ZA,2019-09-26,20,-33.02,27.91,18.4,2.09
167,Qaanaaq,100,GL,2019-09-26,94,77.48,-69.36,-0.06,6.48
168,Yellowknife,20,CA,2019-09-26,59,62.45,-114.38,3.0,5.7
169,Honiara,20,SB,2019-09-26,70,-9.43,159.96,30.0,3.1
170,Paamiut,14,GL,2019-09-26,66,61.99,-49.67,6.99,3.58
171,Ponta do Sol,100,BR,2019-09-26,96,-20.63,-46.0,16.88,1.05
172,Hakkari,90,FI,2019-09-26,87,61.34,23.75,8.0,1.0
173,Ayr,76,AU,2019-09-26,68,-19.58,147.4,25.0,1.34
174,Saiha,44,IN,2019-09-26,97,22.49,92.98,20.05,0.35
175,Haverfordwest,58,GB,2019-09-26,82,51.8,-4.97,16.0,14.9
176,Guerrero Negro,8,MX,2019-09-26,76,27.97,-114.04,19.69,4.51
177,Xiuyan,0,CN,2019-09-26,68,40.29,123.27,17.98,1.87
178,Saint-Pierre,90,FR,2019-09-26,82,48.95,4.24,18.0,8.2
179,Fairbanks,90,US,2019-09-26,80,64.84,-147.72,6.0,3.6
180,Majenang,100,ID,2019-09-26,80,-7.3,108.76,23.43,0.81
181,Kruisfontein,0,ZA,2019-09-26,19,-34.0,24.73,18.45,2.89
182,Provideniya,90,RU,2019-09-26,93,64.42,-173.23,10.0,9.0
183,Ayagoz,95,KZ,2019-09-26,61,47.96,80.43,8.49,1.34
184,Dicabisagan,51,PH,2019-09-26,90,17.08,122.42,25.44,1.16
185,Semey,40,KZ,2019-09-26,65,50.41,80.25,5.0,3.0
186,Nalut,0,LY,2019-09-26,75,31.86,10.98,21.37,6.23
187,Richards Bay,0,ZA,2019-09-26,68,-28.77,32.06,17.06,6.77
188,Luyang,67,CN,2019-09-26,88,31.88,117.26,19.0,2.0
189,Elbrus,12,RU,2019-09-26,84,43.26,42.65,1.7,3.08
190,Pevek,63,RU,2019-09-26,68,69.7,170.27,0.42,6.1
191,Dayong,75,CN,2019-09-26,54,25.02,118.29,26.0,3.0
192,Puri,81,ID,2019-09-26,61,-7.54,112.45,26.08,6.98
193,Jaru,29,BR,2019-09-26,80,-10.43,-62.48,24.86,3.82
194,Daru,100,PG,2019-09-26,84,-9.07,143.21,25.11,4.81
195,Aksarka,70,RU,2019-09-26,93,66.56,67.8,-1.58,1.56
196,San Cristobal,75,HN,2019-09-26,83,14.68,-86.92,29.0,2.1
197,Georgetown,20,GY,2019-09-26,79,6.8,-58.16,29.0,4.1
198,Arraial do Cabo,100,BR,2019-09-26,93,-22.97,-42.02,19.3,2.07
199,Ponta Delgada,75,PT,2019-09-26,94,37.73,-25.67,22.0,5.1
200,Opuwo,0,NA,2019-09-26,35,-18.06,13.84,18.95,2.91
201,Bystryy Istok,19,RU,2019-09-26,79,52.37,84.39,2.64,1.7
202,Turayf,0,SA,2019-09-26,26,31.68,38.65,21.0,3.1
203,Wellington,47,NZ,2019-09-26,67,-41.29,174.78,16.67,5.7
204,Husavik,100,CA,2019-09-26,94,50.56,-96.99,7.78,1.34
205,Puerto Rondon,100,CO,2019-09-26,92,6.28,-71.1,24.51,0.47
206,Kindu,100,CD,2019-09-26,96,-2.95,25.92,21.23,0.86
207,Klaksvik,100,FO,2019-09-26,87,62.23,-6.59,12.0,10.3
208,Tambacounda,0,SN,2019-09-26,88,13.77,-13.67,27.0,2.1
209,Mus,0,FR,2019-09-26,63,43.74,4.2,19.0,1.5
210,Bathsheba,20,BB,2019-09-26,78,13.22,-59.52,27.0,3.1
211,Rafaela,31,AR,2019-09-26,38,-31.25,-61.49,21.67,0.89
212,Mubende,99,UG,2019-09-26,96,0.56,31.4,16.92,0.8
213,Yuanping,0,CN,2019-09-26,52,38.72,112.71,12.79,0.94
214,Arlit,0,NE,2019-09-26,10,18.74,7.39,33.42,4.64
215,Grand-Bourg,0,GP,2019-09-26,83,15.88,-61.31,27.0,1.5
216,Tucurui,21,BR,2019-09-26,67,-3.77,-49.67,26.06,1.39
217,Konibodom,12,TJ,2019-09-26,82,40.3,70.43,18.0,2.0
218,Mount Isa,12,AU,2019-09-26,23,-20.73,139.49,30.0,3.1
219,Sheregesh,24,RU,2019-09-26,94,52.93,87.98,-0.2,1.38
220,Kieta,0,PG,2019-09-26,75,-6.22,155.63,27.73,0.46
221,Edd,93,ER,2019-09-26,77,13.93,41.69,28.94,1.32
222,Dingle,0,PH,2019-09-26,77,11.0,122.67,26.92,1.72
223,Sioux Lookout,90,CA,2019-09-26,58,50.1,-91.92,12.0,2.1
224,Adelaide,20,AU,2019-09-26,72,-34.93,138.6,18.89,7.2
225,Port Augusta,32,AU,2019-09-26,45,-32.49,137.76,25.0,5.7
226,San Quintin,0,PH,2019-09-26,78,17.54,120.52,26.69,0.86
227,Nelson Bay,0,AU,2019-09-26,40,-32.72,152.14,23.89,6.7
228,Trairi,14,BR,2019-09-26,83,-3.28,-39.27,22.73,2.73
229,Edson,75,CA,2019-09-26,80,53.59,-116.44,5.0,4.1
230,Kambove,49,CD,2019-09-26,62,-10.88,26.6,15.41,4.18
231,Patiya,100,BD,2019-09-26,83,22.3,91.98,26.38,5.81
232,Kemin,1,KG,2019-09-26,40,42.79,75.7,13.14,1.21
233,Tiznit,0,MA,2019-09-26,89,29.7,-9.73,19.71,1.96
234,Vila,40,IT,2019-09-26,100,45.18,8.4,18.33,1.5
235,Constitucion,90,MX,2019-09-26,52,23.99,-104.67,20.0,4.1
236,Fort-Shevchenko,78,KZ,2019-09-26,69,44.51,50.26,15.27,7.85
237,Marystown,26,CA,2019-09-26,94,47.17,-55.16,12.49,2.9
238,Cidreira,0,BR,2019-09-26,83,-30.17,-50.22,16.64,2.67
239,Fort Nelson,90,CA,2019-09-26,100,58.81,-122.69,2.0,4.6
240,Sturgis,100,CA,2019-09-26,57,51.94,-102.54,8.09,2.94
241,Iqaluit,75,CA,2019-09-26,80,63.75,-68.52,5.0,11.8
242,Praia da Vitoria,40,PT,2019-09-26,83,38.73,-27.07,23.0,3.89
243,Praia,100,BR,2019-09-26,93,-20.25,-43.81,17.0,1.12
244,Dikson,100,RU,2019-09-26,93,73.51,80.55,1.75,3.97
245,Fuerte Olimpo,48,BR,2019-09-26,39,-21.04,-57.87,25.77,2.64
246,Betare Oya,48,CM,2019-09-26,97,5.6,14.08,18.7,1.44
247,Tobermory,0,CA,2019-09-26,88,45.25,-81.67,10.0,6.96
248,Manacor,20,ES,2019-09-26,93,39.57,3.21,21.67,0.5
249,Gariadhar,100,IN,2019-09-26,90,21.54,71.58,25.77,3.06
250,Vavuniya,100,LK,2019-09-26,86,8.76,80.5,23.45,1.3
251,Morag,0,PL,2019-09-26,88,53.92,19.93,10.56,2.58
252,Sao Joao da Barra,100,BR,2019-09-26,97,-21.64,-41.05,18.53,0.53
253,Butaritari,38,KI,2019-09-26,62,3.07,172.79,29.33,4.65
254,Monrovia,20,LR,2019-09-26,94,6.33,-10.8,24.0,3.36
255,Lebu,78,ET,2019-09-26,84,8.96,38.73,11.58,1.4
256,Saguing,40,PH,2019-09-26,79,6.98,125.08,29.0,2.1
257,Laurel,1,US,2019-09-26,72,39.1,-76.85,25.56,2.6
258,Baiyin,0,CN,2019-09-26,75,36.55,104.13,8.0,2.0
259,Bethel,75,US,2019-09-26,87,60.79,-161.76,12.0,8.7
260,Mlonggo,20,ID,2019-09-26,78,-6.53,110.7,27.0,1.0
261,Kade,26,GH,2019-09-26,99,6.1,-0.84,22.46,1.18
262,Carnarvon,0,ZA,2019-09-26,17,-30.97,22.13,12.62,3.11
263,Flinders,0,AU,2019-09-26,26,-34.58,150.85,22.78,7.7
264,Nanortalik,0,GL,2019-09-26,77,60.14,-45.24,5.57,0.31
265,Piacabucu,41,BR,2019-09-26,78,-10.41,-36.43,23.54,3.77
266,Coruripe,25,BR,2019-09-26,92,-10.12,-36.18,20.01,2.86
267,Campbellsville,40,US,2019-09-26,68,37.34,-85.34,22.0,2.27
268,Kodiak,1,US,2019-09-26,68,39.95,-94.76,22.0,4.1
269,Kupang,0,ID,2019-09-26,71,-10.16,123.6,25.12,4.18
270,Maubin,75,MM,2019-09-26,83,16.73,95.65,27.0,2.1
271,Anadyr,90,RU,2019-09-26,100,64.73,177.51,7.0,6.0
272,Bilibino,76,RU,2019-09-26,65,68.06,166.44,-3.41,1.76
273,Saint Anthony,1,US,2019-09-26,21,43.97,-111.68,22.0,7.7
274,Talcahuano,90,CL,2019-09-26,93,-36.72,-73.12,12.0,2.6
275,Mar del Plata,82,AR,2019-09-26,37,-46.43,-67.52,14.64,6.84
276,Villarrubia de los Ojos,0,ES,2019-09-26,59,39.22,-3.61,17.22,0.65
277,Cacoal,54,BR,2019-09-26,68,-11.43,-61.44,26.12,1.55
278,Taywarah,0,AF,2019-09-26,22,33.35,64.42,11.93,2.98
279,Ajdabiya,0,LY,2019-09-26,71,30.75,20.22,24.05,5.65
280,Pathein,100,MM,2019-09-26,86,16.78,94.73,25.63,1.47
281,Terney,0,RU,2019-09-26,51,45.05,136.61,15.85,1.55
282,Dembi Dolo,100,ET,2019-09-26,98,8.53,34.8,19.45,0.74
283,Revuca,0,SK,2019-09-26,100,48.68,20.12,8.33,4.1
284,Grand-Lahou,27,CI,2019-09-26,98,5.24,-5.0,22.96,1.46
285,Port Macquarie,0,AU,2019-09-26,40,-31.43,152.91,27.78,3.1
286,Udayagiri,82,IN,2019-09-26,91,12.32,76.68,19.28,1.35
287,Fortuna,20,US,2019-09-26,72,40.6,-124.16,18.33,5.1
288,Treinta y Tres,0,UY,2019-09-26,75,-33.23,-54.39,11.37,4.05
289,Celestun,62,MX,2019-09-26,81,20.87,-90.4,28.47,10.88
290,Naze,97,NG,2019-09-26,93,5.43,7.07,23.87,2.66
291,Tazovskiy,100,RU,2019-09-26,95,67.47,78.7,1.42,4.09
292,Luangwa,0,MZ,2019-09-26,63,-15.62,30.4,14.13,1.53
293,Luanda,75,AO,2019-09-26,94,-8.83,13.24,23.0,2.6
294,Huarmey,5,PE,2019-09-26,93,-10.07,-78.15,16.3,5.47
295,Saint-Georges,100,CA,2019-09-26,97,46.12,-70.67,12.22,0.89
296,Bonthe,100,SL,2019-09-26,91,7.53,-12.5,24.34,2.45
297,Yanam,75,IN,2019-09-26,94,16.73,82.22,26.0,2.1
298,Ak-Dovurak,50,RU,2019-09-26,79,51.17,90.6,-1.43,0.87
299,Chegdomyn,0,RU,2019-09-26,68,51.13,133.04,8.17,0.71
300,Hasaki,40,JP,2019-09-26,73,35.73,140.83,25.0,1.5
301,Morondava,1,MG,2019-09-26,74,-20.3,44.28,23.25,3.68
302,Saskylakh,96,RU,2019-09-26,95,71.97,114.09,-0.57,3.78
303,Oriximina,40,BR,2019-09-26,61,-1.77,-55.87,29.42,2.13
304,Makakilo City,75,US,2019-09-26,70,21.35,-158.09,30.0,1.5
305,Henties Bay,100,NA,2019-09-26,71,-22.12,14.28,17.05,1.76
306,Mnogovershinnyy,0,RU,2019-09-26,53,53.94,139.92,9.13,4.64
307,Haines Junction,81,CA,2019-09-26,63,60.75,-137.51,3.3,5.26
308,Deputatskiy,100,RU,2019-09-26,89,69.3,139.9,-6.74,1.97
309,Pangnirtung,6,CA,2019-09-26,32,66.15,-65.72,3.11,2.05
310,Angoche,1,MZ,2019-09-26,82,-16.23,39.91,19.37,3.48
311,Pindiga,100,NG,2019-09-26,84,9.98,10.93,23.04,0.99
312,Mantua,40,IT,2019-09-26,93,45.16,10.79,17.78,1.5
313,Nhulunbuy,75,AU,2019-09-26,65,-12.18,136.78,28.0,6.2
314,Xinyu,87,CN,2019-09-26,60,27.8,114.93,21.88,0.47
315,Kahului,40,US,2019-09-26,59,20.89,-156.47,32.0,7.7
316,Miandrivazo,91,MG,2019-09-26,76,-19.53,45.46,21.28,0.27
317,Male,100,UA,2019-09-26,80,50.74,33.7,9.37,4.49
318,Corner Brook,90,CA,2019-09-26,93,48.95,-57.95,10.0,2.6
319,Aranos,0,NA,2019-09-26,22,-24.14,19.11,11.28,5.34
320,Novyy Svit,100,UA,2019-09-26,80,47.81,38.02,9.26,3.41
321,Marienburg,75,DE,2019-09-26,100,52.12,9.98,17.0,3.6
322,Port Blair,97,IN,2019-09-26,80,11.67,92.75,27.56,3.44
323,Coelho Neto,20,BR,2019-09-26,69,-4.25,-43.02,25.19,1.47
324,Caravelas,31,BR,2019-09-26,84,-17.73,-39.27,23.34,4.61
325,Lasa,0,CY,2019-09-26,83,34.92,32.53,22.0,3.1
326,Moa,92,CU,2019-09-26,96,20.66,-74.95,22.02,2.07
327,Natchitoches,1,US,2019-09-26,61,31.76,-93.09,28.0,2.6
328,Apatou,52,SR,2019-09-26,99,5.16,-54.34,23.19,0.98
329,Ulaangom,0,MN,2019-09-26,73,49.98,92.07,6.48,1.62
330,Grindavik,75,IS,2019-09-26,87,63.84,-22.43,13.0,3.1
331,Kodinsk,23,RU,2019-09-26,91,58.6,99.18,-0.35,4.02
332,Taltal,2,CL,2019-09-26,92,-25.41,-70.49,9.94,1.54
333,Svencionys,33,LT,2019-09-26,91,55.15,26.17,4.58,1.47
334,Lamas,20,PE,2019-09-26,290,-6.42,-76.52,17.0,1.13
335,Nishihara,75,JP,2019-09-26,78,35.74,139.53,27.22,3.1
336,Syasstroy,100,RU,2019-09-26,84,60.14,32.56,7.79,1.18
337,Mount Gambier,90,AU,2019-09-26,93,-37.83,140.78,9.0,9.8
338,Gat,20,SN,2019-09-26,94,14.69,-16.54,27.0,2.6
339,Sisimiut,0,GL,2019-09-26,58,66.94,-53.67,7.06,2.9
340,Ketchikan,20,US,2019-09-26,58,55.34,-131.65,13.0,5.1
341,Aberdeen,90,US,2019-09-26,82,46.98,-123.82,17.78,4.1
342,Narsaq,14,GL,2019-09-26,56,60.91,-46.05,5.0,1.0
343,Meshcherino,0,RU,2019-09-26,78,55.2,38.36,5.0,1.0
344,Basco,1,US,2019-09-26,52,40.33,-91.2,20.0,2.6
345,Lodwar,81,KE,2019-09-26,57,3.12,35.6,26.18,7.8
346,Salamanca,75,MX,2019-09-26,60,20.57,-101.19,24.0,3.1
347,Yulara,1,AU,2019-09-26,26,-25.24,130.99,26.0,0.5
348,Pisco,0,PE,2019-09-26,82,-13.71,-76.2,17.0,5.7
349,Shahr-e Kord,0,IR,2019-09-26,33,32.33,50.85,7.0,2.1
350,Mbamba,99,NG,2019-09-26,88,9.98,13.1,21.28,0.56
351,Mahanoro,0,MG,2019-09-26,95,-19.9,48.8,17.29,1.01
352,Sept-Iles,90,CA,2019-09-26,100,50.2,-66.38,8.33,4.6
353,Kribi,89,CM,2019-09-26,86,2.94,9.91,26.3,4.15
354,Altamont,90,CA,2019-09-26,100,49.4,-98.5,11.0,2.1
355,Ulladulla,0,AU,2019-09-26,26,-35.36,150.48,22.0,7.7
356,Araouane,0,ML,2019-09-26,11,18.9,-3.53,34.96,2.65
357,Dixon,1,US,2019-09-26,39,38.45,-121.82,30.0,3.6
358,Balagansk,100,RU,2019-09-26,79,54.01,103.05,5.45,4.2
359,Zelenets,76,RU,2019-09-26,86,53.83,48.02,2.93,2.92
360,Vagur,100,FO,2019-09-26,97,61.47,-6.81,9.75,8.0
361,Chilca,40,PE,2019-09-26,54,-13.22,-72.34,12.0,1.5
362,Havre-Saint-Pierre,90,CA,2019-09-26,100,50.23,-63.6,8.0,5.1
363,Olga,90,US,2019-09-26,64,34.11,-118.17,24.0,1.5
364,Mopti,0,ML,2019-09-26,84,14.49,-4.19,30.0,2.1
365,Sechura,45,PE,2019-09-26,87,-5.56,-80.82,17.71,5.09
366,Ahuimanu,75,US,2019-09-26,70,21.44,-157.84,30.0,1.5
367,Yar-Sale,32,RU,2019-09-26,94,66.83,70.83,-0.13,2.63
368,Leirvik,75,NO,2019-09-26,55,59.78,5.5,16.67,12.9
369,Kavieng,5,PG,2019-09-26,74,-2.57,150.8,28.82,4.79
370,Braniewo,0,PL,2019-09-26,81,54.38,19.82,14.62,3.46
371,Mogadishu,96,SO,2019-09-26,76,2.04,45.34,25.49,7.14
372,Collie,100,AU,2019-09-26,81,-33.36,116.15,12.22,1.34
373,Pyaozerskiy,92,RU,2019-09-26,87,65.83,31.17,6.57,2.77
374,Kavaratti,100,IN,2019-09-26,80,10.57,72.64,27.08,5.37
375,Bagepalli,75,IN,2019-09-26,100,13.78,77.8,21.0,2.6
376,Tanout,67,NE,2019-09-26,19,14.97,8.88,33.69,5.14
377,Presov,40,SK,2019-09-26,100,49.0,21.23,10.56,1.0
378,Feldbach,90,AT,2019-09-26,87,46.95,15.89,13.89,0.5
379,Ntungamo,99,UG,2019-09-26,88,-0.87,30.27,15.72,0.66
380,Najran,0,SA,2019-09-26,44,17.54,44.22,24.0,2.34
381,Agapovka,40,RU,2019-09-26,92,53.3,59.13,-1.0,4.0
382,Anloga,20,GH,2019-09-26,88,5.79,0.9,26.0,3.1
383,Ahualulco,40,MX,2019-09-26,29,22.4,-101.17,26.0,4.1
384,Kabo,73,CF,2019-09-26,97,7.69,18.62,20.56,0.24
385,Bereda,0,ES,2019-09-26,88,43.27,-7.54,18.33,5.7
386,Kazachinskoye,16,RU,2019-09-26,96,57.69,93.28,-2.06,1.78
387,Mecca,29,SA,2019-09-26,39,21.43,39.83,28.84,4.13
388,Tual,92,ID,2019-09-26,85,-5.67,132.75,25.67,7.69
389,Vredendal,0,ZA,2019-09-26,43,-31.68,18.49,20.71,6.51
390,Cuiluan,16,CN,2019-09-26,71,47.72,128.65,15.06,2.28
391,Biak,74,ID,2019-09-26,92,-0.91,122.88,18.84,1.76
392,Padalarang,94,ID,2019-09-26,82,-6.85,107.48,21.32,0.69
393,Kenai,1,US,2019-09-26,53,60.55,-151.26,11.11,4.1
394,Rio Gallegos,0,AR,2019-09-26,39,-51.62,-69.22,8.0,4.6
395,Srednekolymsk,100,RU,2019-09-26,62,67.46,153.71,-0.3,2.45
396,Rajka,0,HU,2019-09-26,87,48.0,17.2,12.78,2.1
397,Tiksi,98,RU,2019-09-26,92,71.64,128.87,0.94,1.42
398,Gambela,100,ET,2019-09-26,98,8.25,34.59,19.45,0.74
399,Ballina,82,IE,2019-09-26,92,54.11,-9.15,11.11,1.79
400,Bilina,92,CZ,2019-09-26,99,49.38,14.37,15.56,1.88
401,Salta,0,AR,2019-09-26,40,-24.79,-65.41,25.0,2.1
402,Taoudenni,24,ML,2019-09-26,11,22.68,-3.98,33.83,1.21
403,Okhotsk,100,RU,2019-09-26,40,59.36,143.24,6.2,1.95
404,Cherskiy,85,RU,2019-09-26,42,68.75,161.3,2.45,1.93
405,Kazerun,26,IR,2019-09-26,75,29.62,51.65,23.07,1.03
406,Sambava,8,MG,2019-09-26,85,-14.27,50.17,18.29,1.59
407,Skibbereen,75,IE,2019-09-26,93,51.55,-9.27,12.0,6.7
408,Bembereke,10,BJ,2019-09-26,88,10.23,2.66,24.01,2.05
409,Bugene,61,TZ,2019-09-26,79,-1.59,31.14,19.31,0.76
410,Rocha,1,UY,2019-09-26,93,-34.48,-54.34,8.71,2.03
411,Benguela,67,AO,2019-09-26,86,-12.58,13.4,22.45,2.5
412,Dukat,44,AL,2019-09-26,91,40.25,19.57,21.67,0.89
413,Namibe,75,AO,2019-09-26,85,-15.19,12.15,20.31,0.5
414,Moree,17,AU,2019-09-26,34,-29.46,149.84,26.0,4.1
415,Clyde River,1,CA,2019-09-26,93,70.47,-68.59,3.0,2.6
416,Dali,56,CN,2019-09-26,43,34.79,109.94,20.32,1.39
417,Cowra,28,AU,2019-09-26,51,-33.84,148.69,16.34,3.88
418,Santa Ana,52,MX,2019-09-26,74,30.54,-111.12,24.44,5.51
419,Usinsk,88,RU,2019-09-26,96,66.0,57.56,1.07,5.54
420,Biltine,74,TD,2019-09-26,35,14.53,20.93,31.4,6.31
421,Madimba,75,CM,2019-09-26,100,4.42,9.93,25.0,0.5
422,Chany,43,RU,2019-09-26,61,55.31,76.76,1.4,3.35
423,Neryungri,100,RU,2019-09-26,94,56.66,124.71,6.15,0.67
424,Mayo,75,CA,2019-09-26,39,63.59,-135.9,9.0,2.6
425,Atikokan,90,CA,2019-09-26,73,48.76,-91.62,10.8,3.18
426,Kangasala,90,FI,2019-09-26,87,61.46,24.07,8.0,1.0
427,Vardo,1,US,2019-09-26,64,39.62,-77.74,22.78,2.71
428,Encheng,75,CN,2019-09-26,66,22.74,107.09,19.76,1.75
429,Eenhana,0,NA,2019-09-26,23,-17.48,16.34,25.0,5.7
430,Inverbervie,78,GB,2019-09-26,93,56.85,-2.28,13.0,4.6
431,Tashtagol,24,RU,2019-09-26,94,52.76,87.85,-0.2,1.38
432,Tarakan,5,ID,2019-09-26,79,3.3,117.63,26.64,2.2
433,Luderitz,93,NA,2019-09-26,35,-26.65,15.16,23.0,0.5
434,Dezful,0,IR,2019-09-26,55,32.38,48.4,24.35,3.61
435,Petatlan,90,MX,2019-09-26,74,17.52,-101.27,30.0,4.1
436,Polva,0,EE,2019-09-26,89,58.06,27.07,1.11,1.43
437,Nemuro,20,JP,2019-09-26,55,43.32,145.57,17.0,1.0
438,Mahajanga,0,MG,2019-09-26,78,-15.72,46.32,23.0,1.5
439,San Patricio,0,PY,2019-09-26,59,-26.98,-56.83,18.03,3.03
440,Inhambane,41,MZ,2019-09-26,84,-23.87,35.38,14.85,2.33
441,Springfield,1,US,2019-09-26,88,37.22,-93.29,21.67,3.1
442,Zima,100,RU,2019-09-26,83,53.93,102.05,4.6,4.02
443,Bisira,81,PA,2019-09-26,98,8.52,-81.71,20.89,0.66
444,Yate,75,GB,2019-09-26,87,51.54,-2.41,14.44,5.7
445,Shetpe,58,KZ,2019-09-26,59,44.14,52.16,11.87,3.47
446,Lompoc,1,US,2019-09-26,60,34.64,-120.46,24.0,3.6
447,Beira,0,ES,2019-09-26,88,43.2,-8.36,19.44,5.7
448,Cawayan,40,PH,2019-09-26,74,9.81,123.54,30.0,4.1
449,Wattegama,80,LK,2019-09-26,89,7.35,80.68,21.26,0.55
450,Akureyri,75,IS,2019-09-26,76,65.68,-18.09,13.0,2.1
451,Arawa,59,ID,2019-09-26,67,-3.93,119.75,27.38,7.86
452,Shar,99,NG,2019-09-26,93,7.3,8.73,23.31,1.53
453,Tynda,100,RU,2019-09-26,93,55.15,124.74,5.18,2.2
454,Montclair,1,US,2019-09-26,82,40.83,-74.21,20.0,2.54
455,Ruzhyn,75,UA,2019-09-26,98,49.72,29.2,10.92,2.42
456,Podosinovets,100,RU,2019-09-26,97,60.28,47.06,1.61,3.58
457,Vila Velha,0,BR,2019-09-26,74,-3.71,-38.6,27.0,4.6
458,Diego de Almagro,0,CL,2019-09-26,88,-26.39,-70.05,7.96,0.59
459,Fukue,75,JP,2019-09-26,78,35.03,136.69,29.44,3.1
460,Puerto Escondido,90,MX,2019-09-26,70,15.86,-97.07,29.0,1.5
461,El Cope,75,PA,2019-09-26,88,8.69,-82.32,25.0,1.5
462,Sabha,49,LY,2019-09-26,23,27.03,14.43,29.52,6.44
463,Rome,0,IT,2019-09-26,88,41.89,12.48,18.89,1.5
464,Nanga Eboko,60,CM,2019-09-26,99,4.68,12.37,19.97,1.95
465,Dhidhdhoo,39,MV,2019-09-26,68,6.88,73.1,27.98,1.59
466,Tigre,0,AR,2019-09-26,72,-34.42,-58.58,17.22,9.8
467,Sault Sainte Marie,75,CA,2019-09-26,81,46.49,-84.36,12.0,0.73
468,Jabinyanah,20,TN,2019-09-26,78,35.03,10.91,24.0,1.5
469,Linhares,84,BR,2019-09-26,91,-19.38,-40.06,21.31,1.04
470,Palu,97,ID,2019-09-26,84,-0.9,119.87,25.38,1.23
471,Nueva Colombia,0,PY,2019-09-26,31,-25.19,-57.31,24.0,3.1
472,Romny,100,UA,2019-09-26,80,50.74,33.49,9.83,3.79
473,Wanning,75,AT,2019-09-26,93,48.64,13.53,15.56,1.0
474,Alice Springs,0,AU,2019-09-26,29,-23.7,133.88,26.0,3.1
475,Havelock,1,US,2019-09-26,74,34.88,-76.9,27.22,5.7
476,Cartersville,75,US,2019-09-26,61,34.17,-84.8,30.0,1.5
477,Berlevag,100,NO,2019-09-26,97,70.86,29.09,7.11,6.52
478,Prince George,90,CA,2019-09-26,53,53.92,-122.75,10.0,1.5
479,Kingman,75,US,2019-09-26,39,35.19,-114.05,31.0,7.7
480,Hohhot,0,CN,2019-09-26,71,40.81,111.65,11.0,1.0
481,Shingu,75,JP,2019-09-26,83,33.72,135.99,25.0,1.5
482,Ngaoundere,91,CM,2019-09-26,94,7.32,13.58,18.23,1.18
483,Sadska,40,CZ,2019-09-26,93,50.14,14.99,15.0,4.1
484,Broome,32,GB,2019-09-26,93,52.47,1.45,14.0,5.7
485,Jandaia do Sul,0,BR,2019-09-26,56,-23.6,-51.64,21.11,0.79
486,Yeppoon,13,AU,2019-09-26,41,-23.13,150.74,26.0,3.1
487,Gazli,0,UZ,2019-09-26,30,40.13,63.45,18.03,2.31
488,Alta Floresta,76,BR,2019-09-26,85,-9.87,-56.08,22.04,1.42
489,Kalabo,0,ZM,2019-09-26,45,-15.0,22.67,17.82,5.38
490,Newtownards,17,GB,2019-09-26,93,54.59,-5.69,11.67,2.6
491,Bontoc,0,PH,2019-09-26,72,17.09,120.98,27.06,0.16
492,Lazaro Cardenas,20,MX,2019-09-26,37,28.39,-105.62,29.0,4.1
493,Mingshui,75,CN,2019-09-26,63,22.81,109.89,22.64,1.47
494,Sorong,64,ID,2019-09-26,83,-0.86,131.25,26.64,2.02
495,Balad,76,ID,2019-09-26,83,-6.76,108.42,18.48,2.37
496,Lata,25,IN,2019-09-26,89,30.78,78.62,1.91,0.85
497,Astana,75,KZ,2019-09-26,93,51.13,71.43,6.0,3.0
498,Shelburne,1,CA,2019-09-26,71,44.08,-80.2,13.89,2.16
499,Zhongxing,0,CN,2019-09-26,83,19.57,109.85,22.7,0.58
500,Omsukchan,100,RU,2019-09-26,76,62.53,155.8,-4.51,2.76
501,San Angelo,34,US,2019-09-26,44,31.46,-100.44,32.22,2.24
502,Roebourne,0,AU,2019-09-26,23,-20.77,117.15,24.08,3.44
503,Palmer,20,AU,2019-09-26,72,-34.85,139.16,18.89,7.2
504,Aitape,34,PG,2019-09-26,77,-3.15,142.36,27.71,1.77
505,Sangar,0,RU,2019-09-26,85,63.92,127.47,2.46,4.03
506,Varkaus,90,FI,2019-09-26,93,62.32,27.87,8.0,1.0
507,Svetlogorsk,40,RU,2019-09-26,92,53.14,59.15,-1.0,4.0
508,Bria,99,CF,2019-09-26,97,6.54,21.99,18.87,0.7
509,Paso de los Toros,0,UY,2019-09-26,77,-32.81,-56.52,13.06,4.1
510,Tiarei,20,PF,2019-09-26,62,-17.53,-149.33,29.0,5.7
511,Sorland,0,NO,2019-09-26,76,67.67,12.69,11.72,5.05
512,Parrita,90,CR,2019-09-26,93,9.52,-84.33,22.22,5.7
513,Tomohon,20,ID,2019-09-26,52,1.33,124.84,31.0,1.0
514,Malpe,75,IN,2019-09-26,94,13.35,74.72,24.0,5.42
515,Port Hardy,20,CA,2019-09-26,62,50.7,-127.42,14.0,5.1
516,Hille,75,DE,2019-09-26,88,52.34,8.75,17.0,5.7
517,Caucaia,0,BR,2019-09-26,74,-3.73,-38.66,27.0,4.6
518,Misratah,0,LY,2019-09-26,75,32.38,15.09,25.28,3.23
519,Matay,0,EG,2019-09-26,74,28.42,30.79,22.84,5.38
520,Yekaterinoslavka,98,RU,2019-09-26,66,54.34,72.46,4.08,3.18
521,Ubinskoye,52,RU,2019-09-26,62,55.31,79.68,0.23,3.86
522,Lyuban,26,BY,2019-09-26,95,52.8,28.0,7.44,1.01
523,Denpasar,75,ID,2019-09-26,88,-8.65,115.22,26.0,6.2
524,Wewak,15,PG,2019-09-26,73,-3.55,143.63,27.9,2.06
525,Ahlat,0,TR,2019-09-26,57,38.75,42.49,10.45,1.35
526,Road Town,40,VG,2019-09-26,83,18.42,-64.62,29.0,4.1
527,Kempsey,0,AU,2019-09-26,24,-31.08,152.84,27.78,2.24
528,Smirnykh,0,RU,2019-09-26,45,49.74,142.83,10.74,1.78
529,Churapcha,49,RU,2019-09-26,75,62.0,132.43,5.55,5.92
530,Cedar Rapids,1,US,2019-09-26,52,41.98,-91.67,19.0,3.6
531,Rantepao,31,ID,2019-09-26,90,-2.97,119.9,18.45,1.36
532,Pavilosta,0,LV,2019-09-26,100,56.89,21.19,4.0,1.5
533,Polunochnoye,100,RU,2019-09-26,85,60.87,60.43,-0.68,2.61
534,Lorengau,9,PG,2019-09-26,70,-2.02,147.27,29.29,4.48
535,Palembang,5,ID,2019-09-26,94,-2.99,104.76,25.0,1.55
536,Saint-Jean-de-Maurienne,90,FR,2019-09-26,93,45.28,6.35,15.56,0.5
537,Khasan,94,RU,2019-09-26,66,42.43,130.64,19.57,0.85
538,La Asuncion,0,AR,2019-09-26,46,-26.05,-65.39,14.77,1.57
539,Itarema,15,BR,2019-09-26,74,-2.92,-39.92,24.89,5.18
540,Vostok,0,RU,2019-09-26,51,46.45,135.83,15.18,0.56
541,Urucui,42,BR,2019-09-26,36,-7.23,-44.56,26.88,2.01
542,Ust-Kuyga,100,RU,2019-09-26,92,70.0,135.55,-1.51,1.93
543,Chumikan,22,RU,2019-09-26,59,54.72,135.31,8.24,3.41
544,Deshnok,0,IN,2019-09-26,58,27.8,73.34,29.48,4.15
545,Hovd,0,NO,2019-09-26,61,63.83,10.7,11.11,5.7
546,Champerico,90,MX,2019-09-26,65,16.38,-93.6,28.0,3.6
547,Fukuma,75,JP,2019-09-26,69,33.77,130.47,31.67,1.0
548,Fort Dodge,90,US,2019-09-26,48,42.5,-94.17,19.0,5.1
549,Balkanabat,0,TM,2019-09-26,67,39.51,54.36,21.14,7.12
550,Preobrazheniye,73,RU,2019-09-26,64,42.9,133.91,19.0,1.01
551,Teknaf,100,BD,2019-09-26,74,20.86,92.31,27.27,5.0
552,Nome,1,US,2019-09-26,69,30.04,-94.42,28.0,2.1
553,Mokhsogollokh,13,RU,2019-09-26,84,61.4,128.95,5.09,3.91
554,Pamanukan,45,ID,2019-09-26,55,-6.28,107.82,26.62,1.12
555,Matara,87,BI,2019-09-26,85,-3.48,29.48,11.85,0.67
556,Jiuquan,0,CN,2019-09-26,16,39.73,98.49,17.16,3.14
557,Manaure,90,CO,2019-09-26,94,11.78,-72.45,24.0,1.5
